{
  "project_info": {
    "project_number": "556581375728",
    "project_id": "signup-login-firebase-9d64b",
    "storage_bucket": "signup-login-firebase-9d64b.appspot.com"
  },
  "client": [
    {
      "client_info": {
        "mobilesdk_app_id": "1:556581375728:android:fa17543805fa85d7eebc35",
        "android_client_info": {
          "package_name": "com.enetapplications.empty"
        }
      },
      "oauth_client": [
        {
          "client_id": "556581375728-18kpbrl4tutbnp4s373tc6uf27hlbs1u.apps.googleusercontent.com",
          "client_type": 3
        }
      ],
      "api_key": [
        {
          "current_key": "AIzaSyC7sWhqAflmMCg041Lh_Dy27pawcWJwFx0"
        }
      ],
      "services": {
        "appinvite_service": {
          "other_platform_oauth_client": [
            {
              "client_id": "556581375728-18kpbrl4tutbnp4s373tc6uf27hlbs1u.apps.googleusercontent.com",
              "client_type": 3
            }
          ]
        }
      }
    }
  ],
  "configuration_version": "1"
}